S. No.,Date,Region,Confirmed Cases,Active Cases,Cured/Discharged,Death
10887,01/01/1970,Madhya Pradesh,792341,138,781686,10517
10888,21/03/2020,Madhya Pradesh,4,4,0,0
10889,22/03/2020,Madhya Pradesh,4,4,0,0
10890,23/03/2020,Madhya Pradesh,6,6,0,0
10891,24/03/2020,Madhya Pradesh,7,7,0,0
10892,25/03/2020,Madhya Pradesh,7,7,0,0
10893,26/03/2020,Madhya Pradesh,15,14,0,1
10894,27/03/2020,Madhya Pradesh,20,19,0,1
10895,28/03/2020,Madhya Pradesh,30,28,0,2
10896,29/03/2020,Madhya Pradesh,30,28,0,2
10897,30/03/2020,Madhya Pradesh,33,31,0,2
10898,31/03/2020,Madhya Pradesh,47,44,0,3
10899,01/04/2020,Madhya Pradesh,47,44,0,3
10900,02/04/2020,Madhya Pradesh,99,93,0,6
10901,03/04/2020,Madhya Pradesh,99,93,0,6
10902,04/04/2020,Madhya Pradesh,104,98,0,6
10903,05/04/2020,Madhya Pradesh,104,98,0,6
10904,06/04/2020,Madhya Pradesh,165,156,0,9
10905,07/04/2020,Madhya Pradesh,165,156,0,9
10906,08/04/2020,Madhya Pradesh,229,216,0,13
10907,09/04/2020,Madhya Pradesh,229,216,0,13
10908,10/04/2020,Madhya Pradesh,259,243,0,16
10909,11/04/2020,Madhya Pradesh,435,402,0,33
10910,12/04/2020,Madhya Pradesh,532,496,0,36
10911,13/04/2020,Madhya Pradesh,564,528,0,36
10912,14/04/2020,Madhya Pradesh,604,517,44,43
10913,15/04/2020,Madhya Pradesh,730,629,51,50
10914,16/04/2020,Madhya Pradesh,987,870,64,53
10915,17/04/2020,Madhya Pradesh,1120,1003,64,53
10916,18/04/2020,Madhya Pradesh,1310,1172,69,69
10917,19/04/2020,Madhya Pradesh,1407,1210,127,70
10918,20/04/2020,Madhya Pradesh,1407,1210,127,70
10919,21/04/2020,Madhya Pradesh,1485,1284,127,74
10920,22/04/2020,Madhya Pradesh,1552,1328,148,76
10921,23/04/2020,Madhya Pradesh,1592,1364,148,80
10922,24/04/2020,Madhya Pradesh,1699,1413,203,83
10923,25/04/2020,Madhya Pradesh,1852,1550,210,92
10924,26/04/2020,Madhya Pradesh,2096,1787,210,99
10925,27/04/2020,Madhya Pradesh,2096,1691,302,103
10926,28/04/2020,Madhya Pradesh,2168,1756,302,110
10927,29/04/2020,Madhya Pradesh,2387,1890,377,120
10928,30/04/2020,Madhya Pradesh,2561,1971,461,129
10929,01/05/2020,Madhya Pradesh,2660,2041,482,137
10930,02/05/2020,Madhya Pradesh,2719,2050,524,145
10931,03/05/2020,Madhya Pradesh,2846,2071,624,151
10932,04/05/2020,Madhya Pradesh,2846,1892,798,156
10933,05/05/2020,Madhya Pradesh,2942,1979,798,165
10934,06/05/2020,Madhya Pradesh,3049,1873,1000,176
10935,07/05/2020,Madhya Pradesh,3138,1854,1099,185
10936,08/05/2020,Madhya Pradesh,3252,1828,1231,193
10937,09/05/2020,Madhya Pradesh,3341,1792,1349,200
10938,10/05/2020,Madhya Pradesh,3614,1723,1676,215
10939,11/05/2020,Madhya Pradesh,3614,1723,1676,215
10940,12/05/2020,Madhya Pradesh,3785,1817,1747,221
10941,13/05/2020,Madhya Pradesh,3986,1901,1860,225
10942,14/05/2020,Madhya Pradesh,4173,1937,2004,232
10943,15/05/2020,Madhya Pradesh,4426,2018,2171,237
10944,16/05/2020,Madhya Pradesh,4595,2073,2283,239
10945,17/05/2020,Madhya Pradesh,4789,2231,2315,243
10946,18/05/2020,Madhya Pradesh,4977,2326,2403,248
10947,19/05/2020,Madhya Pradesh,5236,2549,2435,252
10948,20/05/2020,Madhya Pradesh,5465,2577,2630,258
10949,21/05/2020,Madhya Pradesh,5735,2735,2733,267
10950,22/05/2020,Madhya Pradesh,5981,2868,2843,270
10951,23/05/2020,Madhya Pradesh,6170,2809,3089,272
10952,24/05/2020,Madhya Pradesh,6371,2823,3267,281
10953,25/05/2020,Madhya Pradesh,6665,2967,3408,290
10954,26/05/2020,Madhya Pradesh,6859,2988,3571,300
10955,27/05/2020,Madhya Pradesh,7024,3030,3689,305
10956,28/05/2020,Madhya Pradesh,7261,3021,3927,313
10957,29/05/2020,Madhya Pradesh,7453,3082,4050,321
10958,30/05/2020,Madhya Pradesh,7645,3042,4269,334
10959,31/05/2020,Madhya Pradesh,7891,3104,4444,343
10960,01/06/2020,Madhya Pradesh,8089,2897,4842,350
10961,02/06/2020,Madhya Pradesh,8283,2922,5003,358
10962,03/06/2020,Madhya Pradesh,8420,2835,5221,364
10963,04/06/2020,Madhya Pradesh,8588,2772,5445,371
10964,05/06/2020,Madhya Pradesh,8762,2748,5637,377
10965,06/06/2020,Madhya Pradesh,8996,2734,5878,384
10966,07/06/2020,Madhya Pradesh,9228,2721,6108,399
10967,08/06/2020,Madhya Pradesh,9401,2658,6331,412
10968,09/06/2020,Madhya Pradesh,9638,2688,6536,414
10969,10/06/2020,Madhya Pradesh,9849,2700,6729,420
10970,11/06/2020,Madhya Pradesh,10049,2730,6892,427
10971,12/06/2020,Madhya Pradesh,10241,2768,7042,431
10972,13/06/2020,Madhya Pradesh,10443,2802,7201,440
10973,14/06/2020,Madhya Pradesh,10641,2817,7377,447
10974,15/06/2020,Madhya Pradesh,10802,2666,7677,459
10975,16/06/2020,Madhya Pradesh,10935,2567,7903,465
10976,17/06/2020,Madhya Pradesh,11083,2455,8152,476
10977,18/06/2020,Madhya Pradesh,11244,2374,8388,482
10978,19/06/2020,Madhya Pradesh,11426,2308,8632,486
10979,20/06/2020,Madhya Pradesh,11582,2339,8748,495
10980,21/06/2020,Madhya Pradesh,11724,2343,8880,501
10981,22/06/2020,Madhya Pradesh,11903,2373,9015,515
10982,23/06/2020,Madhya Pradesh,12078,2342,9215,521
10983,24/06/2020,Madhya Pradesh,12261,2401,9335,525
10984,25/06/2020,Madhya Pradesh,12448,2441,9473,534
10985,26/06/2020,Madhya Pradesh,12596,2435,9619,542
10986,27/06/2020,Madhya Pradesh,12798,2448,9804,546
10987,28/06/2020,Madhya Pradesh,12965,2444,9971,550
10988,29/06/2020,Madhya Pradesh,13186,2545,10084,557
10989,30/06/2020,Madhya Pradesh,13370,2607,10199,564
10990,01/07/2020,Madhya Pradesh,13593,2626,10395,572
10991,02/07/2020,Madhya Pradesh,13861,2625,10655,581
10992,03/07/2020,Madhya Pradesh,14106,2702,10815,589
10993,04/07/2020,Madhya Pradesh,14297,2655,11049,593
10994,05/07/2020,Madhya Pradesh,14604,2772,11234,598
10995,06/07/2020,Madhya Pradesh,14930,2911,11411,608
10996,07/07/2020,Madhya Pradesh,15284,3088,11579,617
10997,08/07/2020,Madhya Pradesh,15627,3237,11768,622
10998,09/07/2020,Madhya Pradesh,16036,3420,11987,629
10999,10/07/2020,Madhya Pradesh,16341,3475,12232,634
11000,11/07/2020,Madhya Pradesh,16657,3538,12481,638
11001,12/07/2020,Madhya Pradesh,17201,3878,12679,644
11002,13/07/2020,Madhya Pradesh,17632,4103,12876,653
11003,14/07/2020,Madhya Pradesh,18207,4336,13208,663
11004,15/07/2020,Madhya Pradesh,19005,4757,13575,673
11005,16/07/2020,Madhya Pradesh,19643,5053,13908,682
11006,17/07/2020,Madhya Pradesh,20378,5562,14127,689
11007,18/07/2020,Madhya Pradesh,21081,5870,14514,697
11008,19/07/2020,Madhya Pradesh,21763,6193,14864,706
11009,20/07/2020,Madhya Pradesh,22600,6568,15311,721
11010,21/07/2020,Madhya Pradesh,23310,6888,15684,738
11011,22/07/2020,Madhya Pradesh,24095,7082,16257,756
11012,23/07/2020,Madhya Pradesh,24842,7236,16836,770
11013,24/07/2020,Madhya Pradesh,25474,7335,17359,780
11014,25/07/2020,Madhya Pradesh,26210,7553,17866,791
11015,26/07/2020,Madhya Pradesh,26926,7639,18488,799
11016,27/07/2020,Madhya Pradesh,27800,7857,19132,811
11017,28/07/2020,Madhya Pradesh,28589,7978,19791,820
11018,29/07/2020,Madhya Pradesh,29217,8044,20343,830
11019,30/07/2020,Madhya Pradesh,30134,8357,20934,843
11020,31/07/2020,Madhya Pradesh,30968,8454,21657,857
11021,01/08/2020,Madhya Pradesh,31806,8668,22271,867
11022,02/08/2020,Madhya Pradesh,32614,8769,22969,876
11023,03/08/2020,Madhya Pradesh,33535,9099,23550,886
11024,04/08/2020,Madhya Pradesh,34285,9286,24099,900
11025,05/08/2020,Madhya Pradesh,35082,8756,25414,912
11026,06/08/2020,Madhya Pradesh,35734,8741,26064,929
11027,07/08/2020,Madhya Pradesh,36564,8716,26902,946
11028,08/08/2020,Madhya Pradesh,37298,8715,27621,962
11029,09/08/2020,Madhya Pradesh,38157,8827,28353,977
11030,10/08/2020,Madhya Pradesh,39025,9009,29020,996
11031,11/08/2020,Madhya Pradesh,39891,9202,29674,1015
11032,12/08/2020,Madhya Pradesh,40734,9105,30596,1033
11033,13/08/2020,Madhya Pradesh,41604,9317,31239,1048
11034,14/08/2020,Madhya Pradesh,42618,9718,31835,1065
11035,15/08/2020,Madhya Pradesh,43414,9928,32405,1081
11036,16/08/2020,Madhya Pradesh,44433,9986,33353,1094
11037,17/08/2020,Madhya Pradesh,45455,10312,34038,1105
11038,18/08/2020,Madhya Pradesh,46385,10232,35025,1128
11039,19/08/2020,Madhya Pradesh,47375,10521,35713,1141
11040,20/08/2020,Madhya Pradesh,48351,10717,36475,1159
11041,21/08/2020,Madhya Pradesh,49493,10782,37540,1171
11042,22/08/2020,Madhya Pradesh,50640,10928,38527,1185
11043,23/08/2020,Madhya Pradesh,51866,11261,39399,1206
11044,24/08/2020,Madhya Pradesh,53129,11510,40390,1229
11045,25/08/2020,Madhya Pradesh,54421,11944,41231,1246
11046,26/08/2020,Madhya Pradesh,55800,12225,42310,1265
11047,27/08/2020,Madhya Pradesh,56864,12336,43246,1282
11048,28/08/2020,Madhya Pradesh,58181,12422,44453,1306
11049,29/08/2020,Madhya Pradesh,59433,12714,45396,1323
11050,30/08/2020,Madhya Pradesh,60875,13117,46413,1345
11051,31/08/2020,Madhya Pradesh,62433,13592,47467,1374
11052,01/09/2020,Madhya Pradesh,63965,13914,48657,1394
11053,02/09/2020,Madhya Pradesh,65490,14072,49992,1426
11054,03/09/2020,Madhya Pradesh,66914,14337,51124,1453
11055,04/09/2020,Madhya Pradesh,68586,14888,52215,1483
11056,05/09/2020,Madhya Pradesh,70244,15474,53257,1513
11057,06/09/2020,Madhya Pradesh,71880,15688,54649,1543
11058,07/09/2020,Madhya Pradesh,73574,16115,55887,1572
11059,08/09/2020,Madhya Pradesh,75459,16961,56909,1589
11060,09/09/2020,Madhya Pradesh,77323,17205,58509,1609
11061,10/09/2020,Madhya Pradesh,79192,17702,59850,1640
11062,11/09/2020,Madhya Pradesh,81379,18433,61285,1661
11063,12/09/2020,Madhya Pradesh,83619,18992,62936,1691
11064,13/09/2020,Madhya Pradesh,85966,19840,64398,1728
11065,14/09/2020,Madhya Pradesh,88247,20487,65998,1762
11066,15/09/2020,Madhya Pradesh,90730,21228,67711,1791
11067,16/09/2020,Madhya Pradesh,93053,21620,69613,1820
11068,17/09/2020,Madhya Pradesh,95515,22136,71535,1844
11069,18/09/2020,Madhya Pradesh,97906,21631,74398,1877
11070,19/09/2020,Madhya Pradesh,100458,21605,76952,1901
11071,20/09/2020,Madhya Pradesh,103065,21964,79158,1943
11072,21/09/2020,Madhya Pradesh,105644,22300,81374,1970
11073,22/09/2020,Madhya Pradesh,108167,22542,83618,2007
11074,23/09/2020,Madhya Pradesh,110711,22646,86030,2035
11075,24/09/2020,Madhya Pradesh,113057,22812,88168,2077
11076,25/09/2020,Madhya Pradesh,115361,22744,90495,2122
11077,26/09/2020,Madhya Pradesh,117588,22198,93238,2152
11078,27/09/2020,Madhya Pradesh,119899,22228,95490,2181
11079,28/09/2020,Madhya Pradesh,122209,22431,97571,2207
11080,29/09/2020,Madhya Pradesh,124166,21912,100012,2242
11081,30/09/2020,Madhya Pradesh,126043,21317,102445,2281
11082,01/10/2020,Madhya Pradesh,128047,20997,104734,2316
11083,02/10/2020,Madhya Pradesh,130088,20473,107279,2336
11084,03/10/2020,Madhya Pradesh,132107,20124,109611,2372
11085,04/10/2020,Madhya Pradesh,133918,19807,111712,2399
11086,05/10/2020,Madhya Pradesh,135638,19372,113832,2434
11087,06/10/2020,Madhya Pradesh,137098,18757,115878,2463
11088,07/10/2020,Madhya Pradesh,138668,18141,118039,2488
11089,08/10/2020,Madhya Pradesh,140307,17522,120267,2518
11090,09/10/2020,Madhya Pradesh,142022,16788,122687,2547
11091,10/10/2020,Madhya Pradesh,143629,16168,124887,2574
11092,11/10/2020,Madhya Pradesh,145245,15612,127034,2599
11093,12/10/2020,Madhya Pradesh,146820,15177,129019,2624
11094,13/10/2020,Madhya Pradesh,148298,14932,130721,2645
11095,14/10/2020,Madhya Pradesh,149761,14661,132429,2671
11096,15/10/2020,Madhya Pradesh,155276,14432,138158,2686
11097,16/10/2020,Madhya Pradesh,156584,14157,139717,2710
11098,17/10/2020,Madhya Pradesh,157936,13928,141273,2735
11099,18/10/2020,Madhya Pradesh,159158,13698,142707,2753
11100,19/10/2020,Madhya Pradesh,160188,13281,144134,2773
11101,20/10/2020,Madhya Pradesh,161203,12996,145421,2786
11102,21/10/2020,Madhya Pradesh,162178,12507,146860,2811
11103,22/10/2020,Madhya Pradesh,163296,12386,148082,2828
11104,23/10/2020,Madhya Pradesh,164341,12146,149353,2842
11105,24/10/2020,Madhya Pradesh,165294,11761,150678,2855
11106,25/10/2020,Madhya Pradesh,166298,11477,151946,2875
11107,26/10/2020,Madhya Pradesh,167249,11237,153127,2885
11108,27/10/2020,Madhya Pradesh,167969,10857,154222,2890
11109,28/10/2020,Madhya Pradesh,168483,10353,155232,2898
11110,29/10/2020,Madhya Pradesh,169271,10094,156264,2913
11111,30/10/2020,Madhya Pradesh,169999,9689,157381,2929
11112,31/10/2020,Madhya Pradesh,170690,9294,158455,2941
11113,01/11/2020,Madhya Pradesh,171359,8929,159479,2951
11114,02/11/2020,Madhya Pradesh,172082,8538,160586,2958
11115,03/11/2020,Madhya Pradesh,172717,8298,161454,2965
11116,04/11/2020,Madhya Pradesh,173384,8044,162366,2974
11117,05/11/2020,Madhya Pradesh,174091,7854,163250,2987
11118,06/11/2020,Madhya Pradesh,174825,7766,164067,2992
11119,07/11/2020,Madhya Pradesh,175603,7676,164923,3004
11120,08/11/2020,Madhya Pradesh,176468,7736,165715,3017
11121,09/11/2020,Madhya Pradesh,177359,7928,166403,3028
11122,10/11/2020,Madhya Pradesh,178168,8050,167084,3034
11123,11/11/2020,Madhya Pradesh,179068,8149,167877,3042
11124,12/11/2020,Madhya Pradesh,179951,8328,168568,3055
11125,13/11/2020,Madhya Pradesh,180997,8672,169260,3065
11126,14/11/2020,Madhya Pradesh,182045,8876,170093,3076
11127,15/11/2020,Madhya Pradesh,183057,9005,170969,3083
11128,16/11/2020,Madhya Pradesh,183927,9146,171691,3090
11129,17/11/2020,Madhya Pradesh,184524,8996,172436,3092
11130,18/11/2020,Madhya Pradesh,185446,9060,173284,3102
11131,19/11/2020,Madhya Pradesh,186655,9338,174202,3115
11132,20/11/2020,Madhya Pradesh,188018,9800,175089,3129
11133,21/11/2020,Madhya Pradesh,189546,10402,176006,3138
11134,22/11/2020,Madhya Pradesh,191246,11192,176905,3149
11135,23/11/2020,Madhya Pradesh,193044,11765,178117,3162
11136,24/11/2020,Madhya Pradesh,194745,12336,179237,3172
11137,25/11/2020,Madhya Pradesh,196511,12979,180349,3183
11138,26/11/2020,Madhya Pradesh,198284,13742,181345,3197
11139,27/11/2020,Madhya Pradesh,199952,14199,182544,3209
11140,28/11/2020,Madhya Pradesh,201597,14677,183696,3224
11141,29/11/2020,Madhya Pradesh,203231,14981,185013,3237
11142,30/11/2020,Madhya Pradesh,204745,14974,186521,3250
11143,01/12/2020,Madhya Pradesh,206128,14771,188097,3260
11144,02/12/2020,Madhya Pradesh,207485,14435,189780,3270
11145,03/12/2020,Madhya Pradesh,208924,14019,191618,3287
11146,04/12/2020,Madhya Pradesh,210374,13887,193187,3300
11147,05/12/2020,Madhya Pradesh,211698,13641,194743,3314
11148,06/12/2020,Madhya Pradesh,213050,13532,196192,3326
11149,07/12/2020,Madhya Pradesh,214505,13391,197777,3337
11150,08/12/2020,Madhya Pradesh,215957,13443,199167,3347
11151,09/12/2020,Madhya Pradesh,217302,13280,200664,3358
11152,10/12/2020,Madhya Pradesh,218574,13221,201987,3366
11153,11/12/2020,Madhya Pradesh,219893,13226,203294,3373
11154,12/12/2020,Madhya Pradesh,221115,13092,204641,3382
11155,13/12/2020,Madhya Pradesh,222397,12947,206059,3391
11156,14/12/2020,Madhya Pradesh,223578,12837,207337,3404
11157,15/12/2020,Madhya Pradesh,224636,12803,208421,3412
11158,17/12/2020,Madhya Pradesh,226788,12330,211025,3433
11159,18/12/2020,Madhya Pradesh,227949,12156,212351,3442
11160,19/12/2020,Madhya Pradesh,229130,11876,213801,3453
11161,20/12/2020,Madhya Pradesh,230125,11446,215211,3468
11162,21/12/2020,Madhya Pradesh,231284,11318,216485,3481
11163,22/12/2020,Madhya Pradesh,232319,11054,217775,3490
11164,23/12/2020,Madhya Pradesh,233324,10994,218828,3502
11165,24/12/2020,Madhya Pradesh,234331,10766,220051,3514
11166,25/12/2020,Madhya Pradesh,235369,10676,221169,3524
11167,26/12/2020,Madhya Pradesh,236400,10461,222403,3536
11168,27/12/2020,Madhya Pradesh,237406,10329,223532,3545
11169,28/12/2020,Madhya Pradesh,238352,10097,224692,3563
11170,29/12/2020,Madhya Pradesh,239228,9874,225782,3572
11171,30/12/2020,Madhya Pradesh,240081,9595,226904,3582
11172,31/12/2020,Madhya Pradesh,240947,9387,227965,3595
11173,03/01/2021,Madhya Pradesh,243302,9089,230586,3627
11174,04/01/2021,Madhya Pradesh,244026,8852,231533,3641
11175,05/01/2021,Madhya Pradesh,244647,8609,232390,3648
11176,06/01/2021,Madhya Pradesh,245318,8427,233229,3662
11177,07/01/2021,Madhya Pradesh,246048,8516,233862,3670
11178,08/01/2021,Madhya Pradesh,246822,8528,234612,3682
11179,09/01/2021,Madhya Pradesh,247436,8324,235421,3691
11180,10/01/2021,Madhya Pradesh,247977,8029,236247,3701
11181,11/01/2021,Madhya Pradesh,248597,7823,237063,3711
11182,12/01/2021,Madhya Pradesh,249082,7651,237713,3718
11183,13/01/2021,Madhya Pradesh,249553,7499,238328,3726
11184,14/01/2021,Madhya Pradesh,250009,7294,238983,3732
11185,15/01/2021,Madhya Pradesh,250429,7108,239581,3740
11186,16/01/2021,Madhya Pradesh,250858,6957,240155,3746
11187,17/01/2021,Madhya Pradesh,251223,6524,240948,3751
11188,18/01/2021,Madhya Pradesh,251578,6399,241426,3753
11189,19/01/2021,Madhya Pradesh,251882,6160,241966,3756
11190,20/01/2021,Madhya Pradesh,252186,5732,242691,3763
11191,21/01/2021,Madhya Pradesh,252466,5008,243688,3770
11192,22/01/2021,Madhya Pradesh,252767,4599,244392,3776
11193,23/01/2021,Madhya Pradesh,253114,4479,244855,3780
11194,24/01/2021,Madhya Pradesh,253405,4310,245309,3786
11195,25/01/2021,Madhya Pradesh,253657,4171,245697,3789
11196,27/01/2021,Madhya Pradesh,254085,3219,247073,3793
11197,28/01/2021,Madhya Pradesh,254270,3053,247418,3799
11198,29/01/2021,Madhya Pradesh,254496,2955,247739,3802
11199,30/01/2021,Madhya Pradesh,254667,2826,248036,3805
11200,31/01/2021,Madhya Pradesh,254886,2760,248319,3807
11201,01/02/2021,Madhya Pradesh,255112,2665,248637,3810
11202,02/02/2021,Madhya Pradesh,255263,2554,248897,3812
11203,03/02/2021,Madhya Pradesh,255431,2423,249193,3815
11204,04/02/2021,Madhya Pradesh,255689,2430,249443,3816
11205,05/02/2021,Madhya Pradesh,255855,2331,249706,3818
11206,06/02/2021,Madhya Pradesh,256017,2193,250005,3819
11207,07/02/2021,Madhya Pradesh,256214,2074,250320,3820
11208,08/02/2021,Madhya Pradesh,256398,2041,250537,3820
11209,09/02/2021,Madhya Pradesh,256591,2041,250727,3823
11210,10/02/2021,Madhya Pradesh,256758,1987,250946,3825
11211,11/02/2021,Madhya Pradesh,256899,1951,251121,3827
11212,12/02/2021,Madhya Pradesh,257068,1920,251320,3828
11213,13/02/2021,Madhya Pradesh,257229,1862,251538,3829
11214,14/02/2021,Madhya Pradesh,257423,1829,251765,3829
11215,15/02/2021,Madhya Pradesh,257646,1842,251970,3834
11216,16/02/2021,Madhya Pradesh,257849,1847,252164,3838
11217,17/02/2021,Madhya Pradesh,258082,1856,252385,3841
11218,18/02/2021,Madhya Pradesh,258333,1863,252628,3842
11219,19/02/2021,Madhya Pradesh,258574,1909,252821,3844
11220,20/02/2021,Madhya Pradesh,258871,1954,253071,3846
11221,21/02/2021,Madhya Pradesh,259128,1994,253284,3850
11222,22/02/2021,Madhya Pradesh,259427,2051,253522,3854
11223,23/02/2021,Madhya Pradesh,259721,2104,253763,3854
11224,24/02/2021,Madhya Pradesh,259969,2151,253963,3855
11225,25/02/2021,Madhya Pradesh,260313,2270,254186,3857
11226,26/02/2021,Madhya Pradesh,260681,2435,254387,3859
11227,27/02/2021,Madhya Pradesh,261013,2518,254633,3862
11228,01/03/2021,Madhya Pradesh,261766,2785,255117,3864
11229,02/03/2021,Madhya Pradesh,262102,2901,255336,3865
11230,03/03/2021,Madhya Pradesh,262433,2973,255595,3865
11231,04/03/2021,Madhya Pradesh,262850,3097,255888,3865
11232,06/03/2021,Madhya Pradesh,263747,3457,256424,3866
11233,07/03/2021,Madhya Pradesh,264214,3527,256819,3868
11234,08/03/2021,Madhya Pradesh,264643,3606,257166,3871
11235,09/03/2021,Madhya Pradesh,265070,3638,257560,3872
11236,10/03/2021,Madhya Pradesh,265527,3711,257942,3874
11237,11/03/2021,Madhya Pradesh,266043,3915,258251,3877
11238,13/03/2021,Madhya Pradesh,267176,4335,258958,3883
11239,14/03/2021,Madhya Pradesh,267851,4512,259454,3885
11240,15/03/2021,Madhya Pradesh,268594,4740,259967,3887
11241,16/03/2021,Madhya Pradesh,269391,5024,260477,3890
11242,17/03/2021,Madhya Pradesh,270208,5286,261031,3891
11243,18/03/2021,Madhya Pradesh,271040,5616,261531,3893
11244,19/03/2021,Madhya Pradesh,271957,6032,262031,3894
11245,20/03/2021,Madhya Pradesh,273097,6609,262587,3901
11246,21/03/2021,Madhya Pradesh,274405,7344,263158,3903
11247,22/03/2021,Madhya Pradesh,275727,8000,263821,3906
11248,23/03/2021,Madhya Pradesh,277075,8592,264575,3908
11249,24/03/2021,Madhya Pradesh,278577,9292,265373,3912
11250,25/03/2021,Madhya Pradesh,280289,10047,266323,3919
11251,27/03/2021,Madhya Pradesh,284265,12038,268290,3937
11252,28/03/2021,Madhya Pradesh,286407,12995,269465,3947
11253,29/03/2021,Madhya Pradesh,288683,14185,270540,3958
11254,30/03/2021,Madhya Pradesh,291006,15150,271889,3967
11255,31/03/2021,Madhya Pradesh,293179,16034,273168,3977
11256,01/04/2021,Madhya Pradesh,295511,17096,274429,3986
11257,02/04/2021,Madhya Pradesh,298057,18057,276002,3998
11258,03/04/2021,Madhya Pradesh,300834,19336,277484,4014
11259,04/04/2021,Madhya Pradesh,303673,20369,279275,4029
11260,05/04/2021,Madhya Pradesh,306851,21335,281476,4040
11261,06/04/2021,Madhya Pradesh,310249,22654,283540,4055
11262,07/04/2021,Madhya Pradesh,313971,24155,285743,4073
11263,08/04/2021,Madhya Pradesh,318014,26059,287869,4086
11264,09/04/2021,Madhya Pradesh,322338,28060,290165,4113
11265,10/04/2021,Madhya Pradesh,327220,30486,292598,4136
11266,11/04/2021,Madhya Pradesh,332206,32707,295339,4160
11267,12/04/2021,Madhya Pradesh,338145,35316,298645,4184
11268,13/04/2021,Madhya Pradesh,344634,38651,301762,4221
11269,14/04/2021,Madhya Pradesh,353632,43539,305832,4261
11270,15/04/2021,Madhya Pradesh,363352,49551,309489,4312
11271,16/04/2021,Madhya Pradesh,373518,55694,313459,4365
11272,17/04/2021,Madhya Pradesh,384563,59183,320955,4425
11273,18/04/2021,Madhya Pradesh,395832,63889,327452,4491
11274,19/04/2021,Madhya Pradesh,408080,68576,334947,4557
11275,20/04/2021,Madhya Pradesh,420977,74558,341783,4636
11276,21/04/2021,Madhya Pradesh,433704,78271,350720,4713
11277,22/04/2021,Madhya Pradesh,446811,82268,359755,4788
11278,23/04/2021,Madhya Pradesh,459195,84957,369375,4863
11279,24/04/2021,Madhya Pradesh,472785,87640,380208,4937
11280,25/04/2021,Madhya Pradesh,485703,89363,391299,5041
11281,26/04/2021,Madhya Pradesh,499304,91548,402623,5133
11282,27/04/2021,Madhya Pradesh,511990,92534,414235,5221
11283,28/04/2021,Madhya Pradesh,525407,94276,425812,5319
11284,29/04/2021,Madhya Pradesh,538165,92773,439968,5424
11285,30/04/2021,Madhya Pradesh,550927,92077,453331,5519
11286,01/05/2021,Madhya Pradesh,563327,90796,466915,5616
11287,02/05/2021,Madhya Pradesh,575706,88511,481477,5718
11288,03/05/2021,Madhya Pradesh,588368,87189,495367,5812
11289,04/05/2021,Madhya Pradesh,600430,85750,508775,5905
11290,05/05/2021,Madhya Pradesh,612666,86639,520024,6003
11291,06/05/2021,Madhya Pradesh,624985,89244,529667,6074
11292,07/05/2021,Madhya Pradesh,637406,88614,542632,6160
11293,08/05/2021,Madhya Pradesh,649114,95423,547447,6244
11294,09/05/2021,Madhya Pradesh,660712,102486,551892,6334
11295,10/05/2021,Madhya Pradesh,671763,108913,556430,6420
11296,11/05/2021,Madhya Pradesh,681478,111223,563754,6501
11297,12/05/2021,Madhya Pradesh,691232,111366,573271,6595
11298,13/05/2021,Madhya Pradesh,700202,109928,583595,6679
11299,14/05/2021,Madhya Pradesh,700202,109928,583595,6679
11300,15/05/2021,Madhya Pradesh,708621,108116,593752,6753
11301,16/05/2021,Madhya Pradesh,724279,99970,617396,6913
11302,17/05/2021,Madhya Pradesh,731385,94652,629741,6992
11303,18/05/2021,Madhya Pradesh,737306,88983,641254,7069
11304,19/05/2021,Madhya Pradesh,742718,82967,652612,7139
11305,20/05/2021,Madhya Pradesh,747783,77607,662949,7227
11306,21/05/2021,Madhya Pradesh,752735,72725,672695,7315
11307,22/05/2021,Madhya Pradesh,757119,67625,682100,7394
11308,23/05/2021,Madhya Pradesh,760963,62053,691427,7483
11309,24/05/2021,Madhya Pradesh,764338,57766,699014,7558
11310,25/05/2021,Madhya Pradesh,767274,53653,706003,7618
11311,26/05/2021,Madhya Pradesh,769696,48634,713376,7686
11312,27/05/2021,Madhya Pradesh,771878,43265,720855,7758
11313,28/05/2021,Madhya Pradesh,773855,38327,727700,7828
11314,30/05/2021,Madhya Pradesh,777349,30899,738491,7959
11315,31/05/2021,Madhya Pradesh,778825,27256,743550,8019
11316,01/06/2021,Madhya Pradesh,780030,23390,748573,8067
11317,02/06/2021,Madhya Pradesh,781108,20303,752693,8112
11318,03/06/2021,Madhya Pradesh,782099,17136,756806,8157
11319,04/06/2021,Madhya Pradesh,782945,14186,760552,8207
11320,05/06/2021,Madhya Pradesh,783743,12889,762597,8257
11321,06/06/2021,Madhya Pradesh,784461,11344,764822,8295
11322,07/06/2021,Madhya Pradesh,785196,10103,766756,8337
11323,08/06/2021,Madhya Pradesh,785767,8860,768538,8369
11324,09/06/2021,Madhya Pradesh,786302,7983,769914,8405
11325,10/06/2021,Madhya Pradesh,786755,7071,771243,8441
11326,11/06/2021,Madhya Pradesh,787175,6325,772375,8475
11327,12/06/2021,Madhya Pradesh,787572,5447,773615,8510
11328,13/06/2021,Madhya Pradesh,787909,4775,774600,8534
11329,14/06/2021,Madhya Pradesh,788183,4251,775380,8552
11330,15/06/2021,Madhya Pradesh,788425,3941,775896,8588
11331,16/06/2021,Madhya Pradesh,788649,3610,776424,8615
11332,17/06/2021,Madhya Pradesh,788809,3273,776887,8649
11333,18/06/2021,Madhya Pradesh,788954,2984,777291,8679
11334,19/06/2021,Madhya Pradesh,789064,2727,777630,8707
11335,20/06/2021,Madhya Pradesh,789174,2442,777995,8737
11336,21/06/2021,Madhya Pradesh,789261,2214,778280,8767
11337,22/06/2021,Madhya Pradesh,789350,1980,778584,8786
11338,23/06/2021,Madhya Pradesh,789415,1707,778902,8806
11339,25/06/2021,Madhya Pradesh,789561,1280,779432,8849
11340,26/06/2021,Madhya Pradesh,789611,1110,779630,8871
11341,27/06/2021,Madhya Pradesh,789657,927,779834,8896
11342,28/06/2021,Madhya Pradesh,789696,816,779963,8917
11343,29/06/2021,Madhya Pradesh,789733,696,780101,8936
11344,30/06/2021,Madhya Pradesh,789771,630,780187,8954
11345,01/07/2021,Madhya Pradesh,789804,570,780265,8969
11346,02/07/2021,Madhya Pradesh,789844,533,780330,8981
11347,03/07/2021,Madhya Pradesh,789887,514,780384,8989
11348,04/07/2021,Madhya Pradesh,789936,490,780445,9001
11349,05/07/2021,Madhya Pradesh,789983,479,780495,9009
11350,06/07/2021,Madhya Pradesh,790015,466,780534,9015
11351,07/07/2021,Madhya Pradesh,790042,447,780578,9017
11352,08/07/2021,Madhya Pradesh,790070,441,780610,9019
11353,09/07/2021,Madhya Pradesh,790096,416,780657,9023
11354,10/07/2021,Madhya Pradesh,790125,406,780695,9024
11355,11/07/2021,Madhya Pradesh,790152,392,780735,9025
11356,12/07/2021,Madhya Pradesh,790175,415,780735,9025
11357,13/07/2021,Madhya Pradesh,790193,-1048,780735,10506
11358,14/07/2021,Madhya Pradesh,791583,279,780796,10508
11359,15/07/2021,Madhya Pradesh,791594,271,780815,10508
11360,16/07/2021,Madhya Pradesh,791614,253,780851,10510
11361,17/07/2021,Madhya Pradesh,791629,235,780884,10510
11362,18/07/2021,Madhya Pradesh,791640,221,780907,10512
11363,19/07/2021,Madhya Pradesh,791658,219,780927,10512
11364,21/07/2021,Madhya Pradesh,791689,190,780987,10512
11365,22/07/2021,Madhya Pradesh,791704,185,781007,10512
11366,26/07/2021,Madhya Pradesh,791750,148,781090,10512
11367,27/07/2021,Madhya Pradesh,791756,140,781104,10512
11368,28/07/2021,Madhya Pradesh,791767,138,781117,10512
11369,29/07/2021,Madhya Pradesh,791778,130,781135,10513
11370,30/07/2021,Madhya Pradesh,791796,130,781153,10513
11371,31/07/2021,Madhya Pradesh,791806,121,781172,10513
11372,01/08/2021,Madhya Pradesh,791828,122,781193,10513
11373,02/08/2021,Madhya Pradesh,791845,125,781207,10513
11374,03/08/2021,Madhya Pradesh,791862,132,781217,10513
11375,04/08/2021,Madhya Pradesh,791880,139,781228,10513
11376,05/08/2021,Madhya Pradesh,791908,155,781240,10513
11377,06/08/2021,Madhya Pradesh,791919,152,781253,10514
11378,07/08/2021,Madhya Pradesh,791937,158,781265,10514
11379,08/08/2021,Madhya Pradesh,791950,156,781280,10514
11380,09/08/2021,Madhya Pradesh,791960,148,781298,10514
11381,10/08/2021,Madhya Pradesh,791970,149,781307,10514
11382,11/08/2021,Madhya Pradesh,791980,136,781330,10514
11383,12/08/2021,Madhya Pradesh,791990,132,781344,10514
11384,13/08/2021,Madhya Pradesh,791998,131,781353,10514
11385,14/08/2021,Madhya Pradesh,792007,103,781390,10514
11386,15/08/2021,Madhya Pradesh,792023,111,781398,10514
11387,16/08/2021,Madhya Pradesh,792036,104,781418,10514
11388,17/08/2021,Madhya Pradesh,792043,94,781434,10515
11389,18/08/2021,Madhya Pradesh,792054,95,781444,10515
11390,19/08/2021,Madhya Pradesh,792063,93,781455,10515
11391,20/08/2021,Madhya Pradesh,792081,95,781471,10515
11392,21/08/2021,Madhya Pradesh,792089,95,781479,10515
11393,22/08/2021,Madhya Pradesh,792096,88,781493,10515
11394,23/08/2021,Madhya Pradesh,792101,86,781499,10516
11395,24/08/2021,Madhya Pradesh,792104,84,781504,10516
11396,25/08/2021,Madhya Pradesh,792109,84,781509,10516
11397,26/08/2021,Madhya Pradesh,792114,79,781519,10516
11398,27/08/2021,Madhya Pradesh,792120,76,781528,10516
11399,28/08/2021,Madhya Pradesh,792136,82,781538,10516
11400,29/08/2021,Madhya Pradesh,792143,79,781548,10516
11401,30/08/2021,Madhya Pradesh,792155,80,781559,10516
11402,31/08/2021,Madhya Pradesh,792165,75,781574,10516
11403,01/09/2021,Madhya Pradesh,792175,79,781580,10516
11404,02/09/2021,Madhya Pradesh,792186,83,781587,10516
11405,03/09/2021,Madhya Pradesh,792197,91,781590,10516
11406,04/09/2021,Madhya Pradesh,792215,101,781598,10516
11407,05/09/2021,Madhya Pradesh,792237,114,781607,10516
11408,06/09/2021,Madhya Pradesh,792259,122,781621,10516
11409,07/09/2021,Madhya Pradesh,792297,137,781644,10516
11410,08/09/2021,Madhya Pradesh,792281,127,781638,10516
11411,09/09/2021,Madhya Pradesh,792297,137,781644,10516
11412,10/09/2021,Madhya Pradesh,792311,130,781664,10517
11413,11/09/2021,Madhya Pradesh,792311,130,781664,10517
11414,12/09/2021,Madhya Pradesh,792327,136,781674,10517
11415,13/09/2021,Madhya Pradesh,792341,138,781686,10517
11416,14/09/2021,Madhya Pradesh,792353,131,781705,10517
11417,15/09/2021,Madhya Pradesh,792360,126,781717,10517
11418,16/09/2021,Madhya Pradesh,792367,124,781726,10517
11419,18/09/2021,Madhya Pradesh,792380,109,781754,10517
11420,19/09/2021,Madhya Pradesh,792386,97,781772,10517
11421,20/09/2021,Madhya Pradesh,792394,96,781781,10517
11422,21/09/2021,Madhya Pradesh,792402,96,781789,10517
11423,22/09/2021,Madhya Pradesh,792410,90,781803,10517
11424,23/09/2021,Madhya Pradesh,792422,90,781815,10517
11425,24/09/2021,Madhya Pradesh,792435,93,781825,10517
11426,25/09/2021,Madhya Pradesh,792471,120,781833,10518
11427,26/09/2021,Madhya Pradesh,792487,117,781852,10518
11428,27/09/2021,Madhya Pradesh,792496,116,781862,10518
11429,28/09/2021,Madhya Pradesh,792504,118,781868,10518
11430,29/09/2021,Madhya Pradesh,792511,116,781875,10520
11431,30/09/2021,Madhya Pradesh,792519,115,781882,10522
11432,01/10/2021,Madhya Pradesh,792531,122,781887,10522
11433,02/10/2021,Madhya Pradesh,792542,124,781896,10522
11434,03/10/2021,Madhya Pradesh,792547,117,781908,10522
11435,04/10/2021,Madhya Pradesh,792556,117,781917,10522
11436,05/10/2021,Madhya Pradesh,792570,123,781925,10522
11437,06/10/2021,Madhya Pradesh,792580,122,781936,10522
11438,07/10/2021,Madhya Pradesh,792596,121,781953,10522
